{"schemaVersion":"1.0","appDefinitionTemplate":{"id":"/providers/Microsoft.PowerApps/apps/","type":"Microsoft.PowerApps/apps","tags":{"primaryDeviceWidth":"1366","primaryDeviceHeight":"768","supportsPortrait":"true","supportsLandscape":"true","primaryFormFactor":"Tablet","publisherVersion":"3.23014.14","minimumRequiredApiVersion":"2.2.0","hasComponent":"false","hasUnlockedComponent":"false","isUnifiedRootApp":"false","sienaVersion":"20230211T062113Z-3.23014.14.0"},"properties":{"appVersion":"2023-02-11T06:21:13Z","lifeCycleId":"Published","createdByClientVersion":{"major":3,"minor":23014,"build":14,"revision":0,"majorRevision":0,"minorRevision":0},"minClientVersion":{"major":3,"minor":23014,"build":14,"revision":0,"majorRevision":0,"minorRevision":0},"backgroundColor":"rgba(102, 182, 227, 1)","backgroundImageUri":"/14114702550067792714/N62d9fe4c-25ae-4f61-bcd8-49ef03589a1a-logoSmallFile","displayName":"Employee Directory","description":"Searchable Employee Directory","commitMessage":"","appUris":{"documentUri":{"value":"/14114702550067792714/Nea6b27ad-b677-4146-87c8-7192cdf44e51-document.msapp"},"imageUris":[],"additionalUris":[]},"createdTime":"0001-01-01T00:00:00Z","lastModifiedTime":"0001-01-01T00:00:00Z","sharedGroupsCount":0,"sharedUsersCount":0,"connectionReferences":{"ea8f3a42-d7ad-43ff-a7d1-f0c3a359ada8":{"id":"240049df-5c0a-478e-9126-0d111ab6e69d","displayName":"Office 365 Users","iconUri":"https://connectoricons-prod.azureedge.net/releases/v1.0.1611/1.0.1611.3104/office365users/icon.png","dataSources":["Office365Users"],"dependencies":[],"dependents":[],"parameterHints":{},"parameterHintsV2":{},"isOnPremiseConnection":false,"bypassConsent":false,"dataSets":{},"apiTier":"Standard","isCustomApiConnection":false,"actions":["SearchUser","UserPhoto"]}},"databaseReferences":{},"almMode":"Environment","performanceOptimizationEnabled":true,"canConsumeAppPass":true,"enableModernRuntimeMode":false,"executionRestrictions":{"isTeamsOnly":false,"dataLossPreventionEvaluationResult":{"status":"Compliant","lastEvaluationDate":"2022-11-16T16:26:07.8229134Z","violations":[],"violationsByPolicy":[],"violationErrorMessage":"The app uses the following connectors: shared_office365users, shared_commondataservice."}}},"appType":"ClassicCanvasApp","appComponents":[]}}