{"schemaVersion":"1.0","appDefinitionTemplate":{"id":"/providers/Microsoft.PowerApps/apps/","type":"Microsoft.PowerApps/apps","tags":{"primaryDeviceWidth":"1366","primaryDeviceHeight":"768","supportsPortrait":"false","supportsLandscape":"true","primaryFormFactor":"Tablet","publisherVersion":"3.23041.11","minimumRequiredApiVersion":"2.2.0","hasComponent":"false","hasUnlockedComponent":"false","isUnifiedRootApp":"false","sienaVersion":"20230424T163123Z-3.23041.11.0"},"properties":{"appVersion":"2023-04-24T16:31:23Z","lifeCycleId":"Published","createdByClientVersion":{"major":3,"minor":23041,"build":11,"revision":0,"majorRevision":0,"minorRevision":0},"minClientVersion":{"major":3,"minor":23041,"build":11,"revision":0,"majorRevision":0,"minorRevision":0},"backgroundColor":"rgba(54, 176, 75, 1)","backgroundImageUri":"/13872015753478499286/N227c4b2c-cb82-4e94-90d1-9e22b6a81bae-logoSmallFile","displayName":"Meetings+","description":"An all-in-one meeting capture tool. View meeting details, capture notes and pictures of whiteboards, assign tasks and send to all meeting attendees in one click.","commitMessage":"","appUris":{"documentUri":{"value":"/13872015753478499286/Ncfeddd96-7e0a-4d44-8771-ff51ee25210a-document.msapp"},"imageUris":[],"additionalUris":[]},"createdTime":"0001-01-01T00:00:00Z","lastModifiedTime":"0001-01-01T00:00:00Z","sharedGroupsCount":0,"sharedUsersCount":0,"connectionReferences":{"6b2de656-facb-41aa-b502-bb84e6da4768":{"id":"2bc5df5b-cc66-4b52-9594-ee3f51d4dce3","displayName":"Office 365 Users","iconUri":"https://connectoricons-prod.azureedge.net/releases/v1.0.1626/1.0.1626.3238/office365users/icon.png","dataSources":["Office365Users"],"dependencies":[],"dependents":[],"parameterHints":{},"parameterHintsV2":{},"isOnPremiseConnection":false,"bypassConsent":false,"dataSets":{},"apiTier":"Standard","isCustomApiConnection":false,"actions":["MyProfile","SearchUser","UserPhotoMetadata","UserPhoto","UserProfileV2"]},"0709996f-842f-4d9b-9d21-618afede1a91":{"id":"670204cf-24d2-446a-8d3e-0989698fd51c","displayName":"OneNote (Business)","iconUri":"https://connectoricons-prod.azureedge.net/releases/v1.0.1613/1.0.1613.3125/onenote/icon.png","dataSources":["OneNote(Business)"],"dependencies":[],"dependents":[],"parameterHints":{},"parameterHintsV2":{},"isOnPremiseConnection":false,"bypassConsent":false,"dataSets":{},"apiTier":"Standard","isCustomApiConnection":false,"actions":["CreatePageInSection","GetNotebooks","GetSectionsInNotebook"]},"5867dfa2-c11f-4590-8528-e575cc1e8f82":{"id":"e7d95ccb-16e4-4588-beac-0bac94f9cfae","displayName":"Planner","iconUri":"https://connectoricons-prod.azureedge.net/releases/v1.0.1608/1.0.1608.3079/planner/icon.png","dataSources":["Planner"],"dependencies":[],"dependents":[],"parameterHints":{},"parameterHintsV2":{},"isOnPremiseConnection":false,"bypassConsent":false,"dataSets":{},"apiTier":"Standard","isCustomApiConnection":false,"actions":["CreateTask","ListMyPlans","ListBuckets"]},"b84d29d0-5308-4b11-89e9-65a038c53cff":{"id":"9a54aa12-8ba0-4f56-bed7-a2a399bf61f3","displayName":"Office 365 Outlook","iconUri":"https://connectoricons-prod.azureedge.net/releases/v1.0.1626/1.0.1626.3238/office365/icon.png","dataSources":["Office365Outlook"],"dependencies":[],"dependents":[],"parameterHints":{},"parameterHintsV2":{},"isOnPremiseConnection":false,"bypassConsent":false,"dataSets":{},"apiTier":"Standard","isCustomApiConnection":false,"actions":["CalendarGetTables","GetEventsCalendarView","SendEmail","V4CalendarPostItem","FindMeetingTimes"]},"1ce5468b-4e5e-478a-91d9-14aad8c90f00":{"id":"d2be9e21-d1fe-4a41-b45e-8cf2ac0e83a3","displayName":"Outlook Tasks","iconUri":"https://connectoricons-prod.azureedge.net/releases/v1.0.1586/1.0.1586.2912/outlooktasks/icon.png","dataSources":["OutlookTasks"],"dependencies":[],"dependents":[],"parameterHints":{},"parameterHintsV2":{},"isOnPremiseConnection":false,"bypassConsent":false,"dataSets":{},"apiTier":"Standard","isCustomApiConnection":false},"d9b30abf-7b16-468d-b192-7efdcb0c5104":{"id":"7498c13a-30d4-4f69-8e81-67b51a59b49a","displayName":"Microsoft To-Do (Business)","iconUri":"https://connectoricons-prod.azureedge.net/releases/v1.0.1589/1.0.1589.2945/todo/icon.png","dataSources":["MicrosoftTo-Do(Business)"],"dependencies":[],"dependents":[],"parameterHints":{},"parameterHintsV2":{},"isOnPremiseConnection":false,"bypassConsent":false,"dataSets":{},"apiTier":"Standard","isCustomApiConnection":false}},"databaseReferences":{},"almMode":"Environment","performanceOptimizationEnabled":true,"canConsumeAppPass":true,"enableModernRuntimeMode":false,"executionRestrictions":{"isTeamsOnly":false,"dataLossPreventionEvaluationResult":{"status":"Compliant","lastEvaluationDate":"2022-09-23T22:23:15.0635571Z","violations":[],"violationsByPolicy":[],"violationErrorMessage":"The app uses the following connectors: shared_office365users, shared_onenote, shared_planner, shared_office365."}}},"appType":"ClassicCanvasApp","appComponents":[]}}